code,company
fyrz,Company 0
fyrz,Company 1
fyrz,Company 2
fyrz,Company 3
fyrz,Company 4
fyrz,Company 5
fyrz,Company 6
fyrz,Company 7
fyrz,Company 8
fyrz,Company 9
vbow,Company 0
vbow,Company 1
vbow,Company 2
vbow,Company 3
vbow,Company 4
vbow,Company 5
vbow,Company 6
vbow,Company 7
vbow,Company 8
vbow,Company 9
umen,Company 0
umen,Company 1
umen,Company 2
umen,Company 3
umen,Company 4
umen,Company 5
umen,Company 6
umen,Company 7
umen,Company 8
umen,Company 9
cpry,Company 0
cpry,Company 1
cpry,Company 2
cpry,Company 3
cpry,Company 4
cpry,Company 5
cpry,Company 6
cpry,Company 7
cpry,Company 8
cpry,Company 9
qjwe,Company 0
qjwe,Company 1
qjwe,Company 2
qjwe,Company 3
qjwe,Company 4
qjwe,Company 5
qjwe,Company 6
qjwe,Company 7
qjwe,Company 8
qjwe,Company 9
zzct,Company 0
zzct,Company 1
zzct,Company 2
zzct,Company 3
zzct,Company 4
zzct,Company 5
zzct,Company 6
zzct,Company 7
zzct,Company 8
zzct,Company 9
cmfk,Company 0
cmfk,Company 1
cmfk,Company 2
cmfk,Company 3
cmfk,Company 4
cmfk,Company 5
cmfk,Company 6
cmfk,Company 7
cmfk,Company 8
cmfk,Company 9
ugyq,Company 0
ugyq,Company 1
ugyq,Company 2
ugyq,Company 3
ugyq,Company 4
ugyq,Company 5
ugyq,Company 6
ugyq,Company 7
ugyq,Company 8
ugyq,Company 9
oejz,Company 0
oejz,Company 1
oejz,Company 2
oejz,Company 3
oejz,Company 4
oejz,Company 5
oejz,Company 6
oejz,Company 7
oejz,Company 8
oejz,Company 9
nfiz,Company 0
nfiz,Company 1
nfiz,Company 2
nfiz,Company 3
nfiz,Company 4
nfiz,Company 5
nfiz,Company 6
nfiz,Company 7
nfiz,Company 8
nfiz,Company 9
zxrk,Company 0
zxrk,Company 1
zxrk,Company 2
zxrk,Company 3
zxrk,Company 4
zxrk,Company 5
zxrk,Company 6
zxrk,Company 7
zxrk,Company 8
zxrk,Company 9
mtbf,Company 0
mtbf,Company 1
mtbf,Company 2
mtbf,Company 3
mtbf,Company 4
mtbf,Company 5
mtbf,Company 6
mtbf,Company 7
mtbf,Company 8
mtbf,Company 9
cmoj,Company 0
cmoj,Company 1
cmoj,Company 2
cmoj,Company 3
cmoj,Company 4
cmoj,Company 5
cmoj,Company 6
cmoj,Company 7
cmoj,Company 8
cmoj,Company 9
wgea,Company 0
wgea,Company 1
wgea,Company 2
wgea,Company 3
wgea,Company 4
wgea,Company 5
wgea,Company 6
wgea,Company 7
wgea,Company 8
wgea,Company 9
dvuv,Company 0
dvuv,Company 1
dvuv,Company 2
dvuv,Company 3
dvuv,Company 4
dvuv,Company 5
dvuv,Company 6
dvuv,Company 7
dvuv,Company 8
dvuv,Company 9
hplk,Company 0
hplk,Company 1
hplk,Company 2
hplk,Company 3
hplk,Company 4
hplk,Company 5
hplk,Company 6
hplk,Company 7
hplk,Company 8
hplk,Company 9
ryql,Company 0
ryql,Company 1
ryql,Company 2
ryql,Company 3
ryql,Company 4
ryql,Company 5
ryql,Company 6
ryql,Company 7
ryql,Company 8
ryql,Company 9
pwkd,Company 0
pwkd,Company 1
pwkd,Company 2
pwkd,Company 3
pwkd,Company 4
pwkd,Company 5
pwkd,Company 6
pwkd,Company 7
pwkd,Company 8
pwkd,Company 9
jqzg,Company 0
jqzg,Company 1
jqzg,Company 2
jqzg,Company 3
jqzg,Company 4
jqzg,Company 5
jqzg,Company 6
jqzg,Company 7
jqzg,Company 8
jqzg,Company 9
eqcm,Company 0
eqcm,Company 1
eqcm,Company 2
eqcm,Company 3
eqcm,Company 4
eqcm,Company 5
eqcm,Company 6
eqcm,Company 7
eqcm,Company 8
eqcm,Company 9
nvbs,Company 0
nvbs,Company 1
nvbs,Company 2
nvbs,Company 3
nvbs,Company 4
nvbs,Company 5
nvbs,Company 6
nvbs,Company 7
nvbs,Company 8
nvbs,Company 9
mfzv,Company 0
mfzv,Company 1
mfzv,Company 2
mfzv,Company 3
mfzv,Company 4
mfzv,Company 5
mfzv,Company 6
mfzv,Company 7
mfzv,Company 8
mfzv,Company 9
xwch,Company 0
xwch,Company 1
xwch,Company 2
xwch,Company 3
xwch,Company 4
xwch,Company 5
xwch,Company 6
xwch,Company 7
xwch,Company 8
xwch,Company 9
qqsg,Company 0
qqsg,Company 1
qqsg,Company 2
qqsg,Company 3
qqsg,Company 4
qqsg,Company 5
qqsg,Company 6
qqsg,Company 7
qqsg,Company 8
qqsg,Company 9
ssws,Company 0
ssws,Company 1
ssws,Company 2
ssws,Company 3
ssws,Company 4
ssws,Company 5
ssws,Company 6
ssws,Company 7
ssws,Company 8
ssws,Company 9
qupm,Company 0
qupm,Company 1
qupm,Company 2
qupm,Company 3
qupm,Company 4
qupm,Company 5
qupm,Company 6
qupm,Company 7
qupm,Company 8
qupm,Company 9
twad,Company 0
twad,Company 1
twad,Company 2
twad,Company 3
twad,Company 4
twad,Company 5
twad,Company 6
twad,Company 7
twad,Company 8
twad,Company 9
qfqp,Company 0
qfqp,Company 1
qfqp,Company 2
qfqp,Company 3
qfqp,Company 4
qfqp,Company 5
qfqp,Company 6
qfqp,Company 7
qfqp,Company 8
qfqp,Company 9
aoat,Company 0
aoat,Company 1
aoat,Company 2
aoat,Company 3
aoat,Company 4
aoat,Company 5
aoat,Company 6
aoat,Company 7
aoat,Company 8
aoat,Company 9
cmnc,Company 0
cmnc,Company 1
cmnc,Company 2
cmnc,Company 3
cmnc,Company 4
cmnc,Company 5
cmnc,Company 6
cmnc,Company 7
cmnc,Company 8
cmnc,Company 9
yodd,Company 0
yodd,Company 1
yodd,Company 2
yodd,Company 3
yodd,Company 4
yodd,Company 5
yodd,Company 6
yodd,Company 7
yodd,Company 8
yodd,Company 9
pfxp,Company 0
pfxp,Company 1
pfxp,Company 2
pfxp,Company 3
pfxp,Company 4
pfxp,Company 5
pfxp,Company 6
pfxp,Company 7
pfxp,Company 8
pfxp,Company 9
ursu,Company 0
ursu,Company 1
ursu,Company 2
ursu,Company 3
ursu,Company 4
ursu,Company 5
ursu,Company 6
ursu,Company 7
ursu,Company 8
ursu,Company 9
xhwi,Company 0
xhwi,Company 1
xhwi,Company 2
xhwi,Company 3
xhwi,Company 4
xhwi,Company 5
xhwi,Company 6
xhwi,Company 7
xhwi,Company 8
xhwi,Company 9
aeyb,Company 0
aeyb,Company 1
aeyb,Company 2
aeyb,Company 3
aeyb,Company 4
aeyb,Company 5
aeyb,Company 6
aeyb,Company 7
aeyb,Company 8
aeyb,Company 9
sfuk,Company 0
sfuk,Company 1
sfuk,Company 2
sfuk,Company 3
sfuk,Company 4
sfuk,Company 5
sfuk,Company 6
sfuk,Company 7
sfuk,Company 8
sfuk,Company 9
grbk,Company 0
grbk,Company 1
grbk,Company 2
grbk,Company 3
grbk,Company 4
grbk,Company 5
grbk,Company 6
grbk,Company 7
grbk,Company 8
grbk,Company 9
hcxn,Company 0
hcxn,Company 1
hcxn,Company 2
hcxn,Company 3
hcxn,Company 4
hcxn,Company 5
hcxn,Company 6
hcxn,Company 7
hcxn,Company 8
hcxn,Company 9
lkbt,Company 0
lkbt,Company 1
lkbt,Company 2
lkbt,Company 3
lkbt,Company 4
lkbt,Company 5
lkbt,Company 6
lkbt,Company 7
lkbt,Company 8
lkbt,Company 9
prvn,Company 0
prvn,Company 1
prvn,Company 2
prvn,Company 3
prvn,Company 4
prvn,Company 5
prvn,Company 6
prvn,Company 7
prvn,Company 8
prvn,Company 9
yvlv,Company 0
yvlv,Company 1
yvlv,Company 2
yvlv,Company 3
yvlv,Company 4
yvlv,Company 5
yvlv,Company 6
yvlv,Company 7
yvlv,Company 8
yvlv,Company 9
btcj,Company 0
btcj,Company 1
btcj,Company 2
btcj,Company 3
btcj,Company 4
btcj,Company 5
btcj,Company 6
btcj,Company 7
btcj,Company 8
btcj,Company 9
gkth,Company 0
gkth,Company 1
gkth,Company 2
gkth,Company 3
gkth,Company 4
gkth,Company 5
gkth,Company 6
gkth,Company 7
gkth,Company 8
gkth,Company 9
puqi,Company 0
puqi,Company 1
puqi,Company 2
puqi,Company 3
puqi,Company 4
puqi,Company 5
puqi,Company 6
puqi,Company 7
puqi,Company 8
puqi,Company 9
lekd,Company 0
lekd,Company 1
lekd,Company 2
lekd,Company 3
lekd,Company 4
lekd,Company 5
lekd,Company 6
lekd,Company 7
lekd,Company 8
lekd,Company 9
fvsl,Company 0
fvsl,Company 1
fvsl,Company 2
fvsl,Company 3
fvsl,Company 4
fvsl,Company 5
fvsl,Company 6
fvsl,Company 7
fvsl,Company 8
fvsl,Company 9
fvmr,Company 0
fvmr,Company 1
fvmr,Company 2
fvmr,Company 3
fvmr,Company 4
fvmr,Company 5
fvmr,Company 6
fvmr,Company 7
fvmr,Company 8
fvmr,Company 9
fgbq,Company 0
fgbq,Company 1
fgbq,Company 2
fgbq,Company 3
fgbq,Company 4
fgbq,Company 5
fgbq,Company 6
fgbq,Company 7
fgbq,Company 8
fgbq,Company 9
ngme,Company 0
ngme,Company 1
ngme,Company 2
ngme,Company 3
ngme,Company 4
ngme,Company 5
ngme,Company 6
ngme,Company 7
ngme,Company 8
ngme,Company 9
nhvq,Company 0
nhvq,Company 1
nhvq,Company 2
nhvq,Company 3
nhvq,Company 4
nhvq,Company 5
nhvq,Company 6
nhvq,Company 7
nhvq,Company 8
nhvq,Company 9
iyoc,Company 0
iyoc,Company 1
iyoc,Company 2
iyoc,Company 3
iyoc,Company 4
iyoc,Company 5
iyoc,Company 6
iyoc,Company 7
iyoc,Company 8
iyoc,Company 9
hboh,Company 0
hboh,Company 1
hboh,Company 2
hboh,Company 3
hboh,Company 4
hboh,Company 5
hboh,Company 6
hboh,Company 7
hboh,Company 8
hboh,Company 9
hpba,Company 0
hpba,Company 1
hpba,Company 2
hpba,Company 3
hpba,Company 4
hpba,Company 5
hpba,Company 6
hpba,Company 7
hpba,Company 8
hpba,Company 9
wxuz,Company 0
wxuz,Company 1
wxuz,Company 2
wxuz,Company 3
wxuz,Company 4
wxuz,Company 5
wxuz,Company 6
wxuz,Company 7
wxuz,Company 8
wxuz,Company 9
irzs,Company 0
irzs,Company 1
irzs,Company 2
irzs,Company 3
irzs,Company 4
irzs,Company 5
irzs,Company 6
irzs,Company 7
irzs,Company 8
irzs,Company 9
ckhn,Company 0
ckhn,Company 1
ckhn,Company 2
ckhn,Company 3
ckhn,Company 4
ckhn,Company 5
ckhn,Company 6
ckhn,Company 7
ckhn,Company 8
ckhn,Company 9
koyj,Company 0
koyj,Company 1
koyj,Company 2
koyj,Company 3
koyj,Company 4
koyj,Company 5
koyj,Company 6
koyj,Company 7
koyj,Company 8
koyj,Company 9
ulqh,Company 0
ulqh,Company 1
ulqh,Company 2
ulqh,Company 3
ulqh,Company 4
ulqh,Company 5
ulqh,Company 6
ulqh,Company 7
ulqh,Company 8
ulqh,Company 9
pcrp,Company 0
pcrp,Company 1
pcrp,Company 2
pcrp,Company 3
pcrp,Company 4
pcrp,Company 5
pcrp,Company 6
pcrp,Company 7
pcrp,Company 8
pcrp,Company 9
kdkp,Company 0
kdkp,Company 1
kdkp,Company 2
kdkp,Company 3
kdkp,Company 4
kdkp,Company 5
kdkp,Company 6
kdkp,Company 7
kdkp,Company 8
kdkp,Company 9
kcma,Company 0
kcma,Company 1
kcma,Company 2
kcma,Company 3
kcma,Company 4
kcma,Company 5
kcma,Company 6
kcma,Company 7
kcma,Company 8
kcma,Company 9
ezno,Company 0
ezno,Company 1
ezno,Company 2
ezno,Company 3
ezno,Company 4
ezno,Company 5
ezno,Company 6
ezno,Company 7
ezno,Company 8
ezno,Company 9
injt,Company 0
injt,Company 1
injt,Company 2
injt,Company 3
injt,Company 4
injt,Company 5
injt,Company 6
injt,Company 7
injt,Company 8
injt,Company 9
azdt,Company 0
azdt,Company 1
azdt,Company 2
azdt,Company 3
azdt,Company 4
azdt,Company 5
azdt,Company 6
azdt,Company 7
azdt,Company 8
azdt,Company 9
trbu,Company 0
trbu,Company 1
trbu,Company 2
trbu,Company 3
trbu,Company 4
trbu,Company 5
trbu,Company 6
trbu,Company 7
trbu,Company 8
trbu,Company 9
ohxb,Company 0
ohxb,Company 1
ohxb,Company 2
ohxb,Company 3
ohxb,Company 4
ohxb,Company 5
ohxb,Company 6
ohxb,Company 7
ohxb,Company 8
ohxb,Company 9
gzzy,Company 0
gzzy,Company 1
gzzy,Company 2
gzzy,Company 3
gzzy,Company 4
gzzy,Company 5
gzzy,Company 6
gzzy,Company 7
gzzy,Company 8
gzzy,Company 9
bttg,Company 0
bttg,Company 1
bttg,Company 2
bttg,Company 3
bttg,Company 4
bttg,Company 5
bttg,Company 6
bttg,Company 7
bttg,Company 8
bttg,Company 9
sews,Company 0
sews,Company 1
sews,Company 2
sews,Company 3
sews,Company 4
sews,Company 5
sews,Company 6
sews,Company 7
sews,Company 8
sews,Company 9
fiyo,Company 0
fiyo,Company 1
fiyo,Company 2
fiyo,Company 3
fiyo,Company 4
fiyo,Company 5
fiyo,Company 6
fiyo,Company 7
fiyo,Company 8
fiyo,Company 9
kyjc,Company 0
kyjc,Company 1
kyjc,Company 2
kyjc,Company 3
kyjc,Company 4
kyjc,Company 5
kyjc,Company 6
kyjc,Company 7
kyjc,Company 8
kyjc,Company 9
kdot,Company 0
kdot,Company 1
kdot,Company 2
kdot,Company 3
kdot,Company 4
kdot,Company 5
kdot,Company 6
kdot,Company 7
kdot,Company 8
kdot,Company 9
ebgq,Company 0
ebgq,Company 1
ebgq,Company 2
ebgq,Company 3
ebgq,Company 4
ebgq,Company 5
ebgq,Company 6
ebgq,Company 7
ebgq,Company 8
ebgq,Company 9
iwew,Company 0
iwew,Company 1
iwew,Company 2
iwew,Company 3
iwew,Company 4
iwew,Company 5
iwew,Company 6
iwew,Company 7
iwew,Company 8
iwew,Company 9
dwpy,Company 0
dwpy,Company 1
dwpy,Company 2
dwpy,Company 3
dwpy,Company 4
dwpy,Company 5
dwpy,Company 6
dwpy,Company 7
dwpy,Company 8
dwpy,Company 9
hmfx,Company 0
hmfx,Company 1
hmfx,Company 2
hmfx,Company 3
hmfx,Company 4
hmfx,Company 5
hmfx,Company 6
hmfx,Company 7
hmfx,Company 8
hmfx,Company 9
hfza,Company 0
hfza,Company 1
hfza,Company 2
hfza,Company 3
hfza,Company 4
hfza,Company 5
hfza,Company 6
hfza,Company 7
hfza,Company 8
hfza,Company 9
pchs,Company 0
pchs,Company 1
pchs,Company 2
pchs,Company 3
pchs,Company 4
pchs,Company 5
pchs,Company 6
pchs,Company 7
pchs,Company 8
pchs,Company 9
pmpi,Company 0
pmpi,Company 1
pmpi,Company 2
pmpi,Company 3
pmpi,Company 4
pmpi,Company 5
pmpi,Company 6
pmpi,Company 7
pmpi,Company 8
pmpi,Company 9
oxty,Company 0
oxty,Company 1
oxty,Company 2
oxty,Company 3
oxty,Company 4
oxty,Company 5
oxty,Company 6
oxty,Company 7
oxty,Company 8
oxty,Company 9
eojv,Company 0
eojv,Company 1
eojv,Company 2
eojv,Company 3
eojv,Company 4
eojv,Company 5
eojv,Company 6
eojv,Company 7
eojv,Company 8
eojv,Company 9
axhq,Company 0
axhq,Company 1
axhq,Company 2
axhq,Company 3
axhq,Company 4
axhq,Company 5
axhq,Company 6
axhq,Company 7
axhq,Company 8
axhq,Company 9
tjwb,Company 0
tjwb,Company 1
tjwb,Company 2
tjwb,Company 3
tjwb,Company 4
tjwb,Company 5
tjwb,Company 6
tjwb,Company 7
tjwb,Company 8
tjwb,Company 9
kkel,Company 0
kkel,Company 1
kkel,Company 2
kkel,Company 3
kkel,Company 4
kkel,Company 5
kkel,Company 6
kkel,Company 7
kkel,Company 8
kkel,Company 9
wgzo,Company 0
wgzo,Company 1
wgzo,Company 2
wgzo,Company 3
wgzo,Company 4
wgzo,Company 5
wgzo,Company 6
wgzo,Company 7
wgzo,Company 8
wgzo,Company 9
fjiq,Company 0
fjiq,Company 1
fjiq,Company 2
fjiq,Company 3
fjiq,Company 4
fjiq,Company 5
fjiq,Company 6
fjiq,Company 7
fjiq,Company 8
fjiq,Company 9
npmh,Company 0
npmh,Company 1
npmh,Company 2
npmh,Company 3
npmh,Company 4
npmh,Company 5
npmh,Company 6
npmh,Company 7
npmh,Company 8
npmh,Company 9
zbae,Company 0
zbae,Company 1
zbae,Company 2
zbae,Company 3
zbae,Company 4
zbae,Company 5
zbae,Company 6
zbae,Company 7
zbae,Company 8
zbae,Company 9
zina,Company 0
zina,Company 1
zina,Company 2
zina,Company 3
zina,Company 4
zina,Company 5
zina,Company 6
zina,Company 7
zina,Company 8
zina,Company 9
xats,Company 0
xats,Company 1
xats,Company 2
xats,Company 3
xats,Company 4
xats,Company 5
xats,Company 6
xats,Company 7
xats,Company 8
xats,Company 9
pdkw,Company 0
pdkw,Company 1
pdkw,Company 2
pdkw,Company 3
pdkw,Company 4
pdkw,Company 5
pdkw,Company 6
pdkw,Company 7
pdkw,Company 8
pdkw,Company 9
ujpn,Company 0
ujpn,Company 1
ujpn,Company 2
ujpn,Company 3
ujpn,Company 4
ujpn,Company 5
ujpn,Company 6
ujpn,Company 7
ujpn,Company 8
ujpn,Company 9
myxy,Company 0
myxy,Company 1
myxy,Company 2
myxy,Company 3
myxy,Company 4
myxy,Company 5
myxy,Company 6
myxy,Company 7
myxy,Company 8
myxy,Company 9
syey,Company 0
syey,Company 1
syey,Company 2
syey,Company 3
syey,Company 4
syey,Company 5
syey,Company 6
syey,Company 7
syey,Company 8
syey,Company 9
knes,Company 0
knes,Company 1
knes,Company 2
knes,Company 3
knes,Company 4
knes,Company 5
knes,Company 6
knes,Company 7
knes,Company 8
knes,Company 9
sebh,Company 0
sebh,Company 1
sebh,Company 2
sebh,Company 3
sebh,Company 4
sebh,Company 5
sebh,Company 6
sebh,Company 7
sebh,Company 8
sebh,Company 9
ahyn,Company 0
ahyn,Company 1
ahyn,Company 2
ahyn,Company 3
ahyn,Company 4
ahyn,Company 5
ahyn,Company 6
ahyn,Company 7
ahyn,Company 8
ahyn,Company 9
wzhw,Company 0
wzhw,Company 1
wzhw,Company 2
wzhw,Company 3
wzhw,Company 4
wzhw,Company 5
wzhw,Company 6
wzhw,Company 7
wzhw,Company 8
wzhw,Company 9
pftk,Company 0
pftk,Company 1
pftk,Company 2
pftk,Company 3
pftk,Company 4
pftk,Company 5
pftk,Company 6
pftk,Company 7
pftk,Company 8
pftk,Company 9
twbq,Company 0
twbq,Company 1
twbq,Company 2
twbq,Company 3
twbq,Company 4
twbq,Company 5
twbq,Company 6
twbq,Company 7
twbq,Company 8
twbq,Company 9